kode,peristiwa,tanggal,tanggal_data,sumber_url,keterangan
RLCO,pengenaan,2026-04-02,2026-09-23,https://www.idx.co.id/Media/ah0o2ala/20260402_peng-00007-hsc-rlco_2-april-2026.pdf,Pengenaan Kepemilikan Saham Terkonsentrasi Tinggi PT Abadi Lestari Indonesia Tbk (RLCO)
BREN,pengenaan,2026-04-02,2026-09-23,https://www.idx.co.id/Media/lyyhtbhm/20260402_peng-00002-hsc-bren_2-april-2026.pdf,Pengenaan Kepemilikan Saham Terkonsentrasi Tinggi PT Barito Renewables Energy Tbk (BREN)
DSSA,pengenaan,2026-04-02,2026-09-23,https://www.idx.co.id/Media/1mumo14o/20260402_peng-00003-hsc-dssa_2-april-2026.pdf,Pengenaan Kepemilikan Saham Terkonsentrasi Tinggi PT Dian Swastatika Sentosa Tbk (DSSA)
IFSH,pengenaan,2026-04-02,2026-09-23,https://www.idx.co.id/Media/iyccv241/20260402_peng-00004-hsc-ifsh_2-april-2026.pdf,Pengenaan Kepemilikan Saham Terkonsentrasi Tinggi PT Ifishdeco Tbk (IFSH)
LUCY,pengenaan,2026-04-02,2026-09-23,https://www.idx.co.id/Media/3mxnovh0/20260402_peng-00005-hsc-lucy_2-april-2026.pdf,Pengenaan Kepemilikan Saham Terkonsentrasi Tinggi PT Lima Dua Lima Tiga Tbk (LUCY)
MGLV,pengenaan,2026-04-02,2026-09-23,https://www.idx.co.id/Media/ejmhskq1/20260402_peng-00006-hsc-mglv_2-april-2026.pdf,Pengenaan Kepemilikan Saham Terkonsentrasi Tinggi PT Panca Anugrah Wisesa Tbk (MGLV)
ROCK,pengenaan,2026-04-02,2026-09-23,https://www.idx.co.id/Media/yyhhqntb/20260402_peng-00008-hsc-rock_2-april-2026.pdf,Pengenaan Kepemilikan Saham Terkonsentrasi Tinggi PT Rockfields Properti Indonesia Tbk (ROCK)
AGII,pengenaan,2026-04-02,2026-09-23,https://www.idx.co.id/Media/adddo4jk/20260402_peng-00001-hsc-agii_2-april-2026.pdf,Pengenaan Kepemilikan Saham Terkonsentrasi Tinggi PT Samator Indo Gas Tbk (AGII)
SOTS,pengenaan,2026-04-02,2026-09-23,https://www.idx.co.id/Media/trljqris/20260402_peng-00009-hsc-sots_2-april-2026.pdf,Pengenaan Kepemilikan Saham Terkonsentrasi Tinggi PT Satria Mega Kencana Tbk (SOTS)
WBSA,pengenaan,2026-05-08,2026-09-23,https://www.idx.co.id/Media/ffbcirx2/20260508_peng-00010-hsc-wbsa_8-mei-2026.pdf,Pengenaan Kepemilikan Saham Terkonsentrasi Tinggi PT BSA Logistics Indonesia Tbk (WBSA)
MGRO,pengenaan,2026-05-29,2026-09-23,https://www.idx.co.id/Media/kuigdsbl/20260529_peng-00012-hsc-mgro_29-mei-2026.pdf,Pengenaan Kepemilikan Saham Terkonsentrasi Tinggi PT Mahkota Group Tbk (MGRO)
TCPI,pengenaan,2026-05-29,2026-09-23,https://www.idx.co.id/Media/3q3pxzh1/20260529_peng-00011-hsc-tcpi_29-mei-2026.pdf,Pengenaan Kepemilikan Saham Terkonsentrasi Tinggi PT Transcoal Pacific Tbk (TCPI)
SATU,pengenaan,2026-06-04,2026-09-23,https://www.idx.co.id/Media/v25po401/peng-00013-hsc-satu_4-juni-2026.pdf,Pengenaan Kepemilikan Saham Terkonsentrasi Tinggi PT Kota Satu Properti Tbk (SATU)
DGWG,pengenaan,2026-06-30,2026-09-23,https://www.idx.co.id/Media/qioi5ezf/peng-00014-hsc-dgwg_30-juni-2026.pdf,Pengenaan Kepemilikan Saham Terkonsentrasi Tinggi PT Delta Giri Wacana Tbk (DGWG)
HATM,pengenaan,2026-07-01,2026-09-23,https://www.idx.co.id/Media/w41lwkip/peng-00015-hsc-hatm_1-juli-2026.pdf,Pengenaan Kepemilikan Saham Terkonsentrasi Tinggi PT Habco Trans Maritima Tbk (HATM)
LUCY,pencabutan,2026-07-02,2026-09-23,https://www.idx.co.id/Media/wcqboos2/peng-00016-hsc-lucy_2-juli-2026.pdf,Pencabutan Kepemilikan Saham Terkonsentrasi Tinggi PT Lima Dua Lima Tiga Tbk (LUCY)
BBHI,pengenaan,2026-07-14,2026-09-23,https://www.idx.co.id/Media/zfkagvrj/1784045968_signed_lamp-2-draft-pengumuman-hsc-14-juli-2026_part17.pdf,Pengenaan Kepemilikan Saham Terkonsentrasi Tinggi PT Allo Bank Indonesia Tbk (BBHI)
ALII,pengenaan,2026-07-14,2026-09-23,https://www.idx.co.id/Media/mmhmcei1/1784045882_signed_lamp-2-draft-pengumuman-hsc-14-juli-2026_part25.pdf,Pengenaan Kepemilikan Saham Terkonsentrasi Tinggi PT Ancara Logistics Indonesia Tbk (ALII)
BINA,pengenaan,2026-07-14,2026-09-23,https://www.idx.co.id/Media/tllk0hoh/1784045978_signed_lamp-2-draft-pengumuman-hsc-14-juli-2026_part15.pdf,Pengenaan Kepemilikan Saham Terkonsentrasi Tinggi PT Bank Ina Perdana Tbk (BINA)
BNII,pengenaan,2026-07-14,2026-09-23,https://www.idx.co.id/Media/tisp3ef3/1784045920_signed_lamp-2-draft-pengumuman-hsc-14-juli-2026_part22.pdf,Pengenaan Kepemilikan Saham Terkonsentrasi Tinggi PT Bank Maybank Indonesia Tbk (BNII)
MEGA,pengenaan,2026-07-14,2026-09-23,https://www.idx.co.id/Media/5wjpnhwu/signed_lamp-2-draft-pengumuman-hsc-14-juli-2026_part11-1.pdf,Pengenaan Kepemilikan Saham Terkonsentrasi Tinggi PT Bank Mega Tbk (MEGA)
BNLI,pengenaan,2026-07-14,2026-09-23,https://www.idx.co.id/Media/1c3o5pc3/1784045989_signed_lamp-2-draft-pengumuman-hsc-14-juli-2026_part6.pdf,Pengenaan Kepemilikan Saham Terkonsentrasi Tinggi PT Bank Permata Tbk (BNLI)
BTPN,pengenaan,2026-07-14,2026-09-23,https://www.idx.co.id/Media/wcoo1ewx/1784045931_signed_lamp-2-draft-pengumuman-hsc-14-juli-2026_part18.pdf,Pengenaan Kepemilikan Saham Terkonsentrasi Tinggi PT Bank SMBC Indonesia Tbk (BTPN)
BYAN,pengenaan,2026-07-14,2026-09-23,https://www.idx.co.id/Media/xewlcm2f/1784046042_signed_lamp-2-draft-pengumuman-hsc-14-juli-2026_part2.pdf,Pengenaan Kepemilikan Saham Terkonsentrasi Tinggi PT Bayan Resources Tbk (BYAN)
CMNT,pengenaan,2026-07-14,2026-09-23,https://www.idx.co.id/Media/515jj5fi/1784045852_signed_lamp-2-draft-pengumuman-hsc-14-juli-2026_part35.pdf,Pengenaan Kepemilikan Saham Terkonsentrasi Tinggi PT Cemindo Gemilang Tbk (CMNT)
CMNP,pengenaan,2026-07-14,2026-09-23,https://www.idx.co.id/Media/yl1kojhn/1784045842_signed_pengumuman-hsc-14-juli-2026-pray-cmnp_part2.pdf,Pengenaan Kepemilikan Saham Terkonsentrasi Tinggi PT Citra Marga Nusaphala Persada Tbk (CMNP)
DCII,pengenaan,2026-07-14,2026-09-23,https://www.idx.co.id/Media/vjggywu1/1784046057_signed_lamp-2-draft-pengumuman-hsc-14-juli-2026_part1.pdf,Pengenaan Kepemilikan Saham Terkonsentrasi Tinggi PT DCI Indonesia Tbk (DCII)
MORA,pengenaan,2026-07-14,2026-09-23,https://www.idx.co.id/Media/th0h51j0/1784046016_signed_lamp-2-draft-pengumuman-hsc-14-juli-2026_part3.pdf,Pengenaan Kepemilikan Saham Terkonsentrasi Tinggi PT Ekamas Mora Republik Tbk (MORA)
FAPA,pengenaan,2026-07-14,2026-09-23,https://www.idx.co.id/Media/icxjwi4d/1784045949_signed_lamp-2-draft-pengumuman-hsc-14-juli-2026_part14.pdf,Pengenaan Kepemilikan Saham Terkonsentrasi Tinggi PT FAP Agri Tbk (FAPA)
PRAY,pengenaan,2026-07-14,2026-09-23,https://www.idx.co.id/Media/xo5dnusk/1784045833_signed_pengumuman-hsc-14-juli-2026-pray-cmnp_part1.pdf,Pengenaan Kepemilikan Saham Terkonsentrasi Tinggi PT Famon Awal Bros Sedaya Tbk (PRAY)
BELI,pengenaan,2026-07-14,2026-09-23,https://www.idx.co.id/Media/pl2bsrqy/1784045823_signed_lamp-2-draft-pengumuman-hsc-14-juli-2026_part8.pdf,Pengenaan Kepemilikan Saham Terkonsentrasi Tinggi PT Global Digital Niaga Tbk (BELI)
GEMS,pengenaan,2026-07-14,2026-09-23,https://www.idx.co.id/Media/wqudmwhh/1784045810_signed_lamp-2-draft-pengumuman-hsc-14-juli-2026_part10.pdf,Pengenaan Kepemilikan Saham Terkonsentrasi Tinggi PT Golden Energy Mines Tbk (GEMS)
POLU,pengenaan,2026-07-14,2026-09-23,https://www.idx.co.id/Media/ykdc4wgl/1784045906_signed_lamp-2-draft-pengumuman-hsc-14-juli-2026_part29.pdf,Pengenaan Kepemilikan Saham Terkonsentrasi Tinggi PT Golden Flower Tbk (POLU)
KING,pengenaan,2026-07-14,2026-09-23,https://www.idx.co.id/Media/kkspxtxe/1784045892_signed_lamp-2-draft-pengumuman-hsc-14-juli-2026_part32.pdf,Pengenaan Kepemilikan Saham Terkonsentrasi Tinggi PT Hoffmen Cleanindo Tbk (KING)
FITT,pengenaan,2026-07-14,2026-09-23,https://www.idx.co.id/Media/o0wnm0qr/1784045877_signed_lamp-2-draft-pengumuman-hsc-14-juli-2026_part31.pdf,Pengenaan Kepemilikan Saham Terkonsentrasi Tinggi PT Hotel Fitra International Tbk (FITT)
DNET,pengenaan,2026-07-14,2026-09-23,https://www.idx.co.id/Media/mrrhzoj2/1784046025_signed_lamp-2-draft-pengumuman-hsc-14-juli-2026_part5.pdf,Pengenaan Kepemilikan Saham Terkonsentrasi Tinggi PT Indoritel Makmur Internasional Tbk (DNET)
RISE,pengenaan,2026-07-14,2026-09-23,https://www.idx.co.id/Media/tlljoh1j/1784045955_signed_lamp-2-draft-pengumuman-hsc-14-juli-2026_part16.pdf,Pengenaan Kepemilikan Saham Terkonsentrasi Tinggi PT Jaya Sukses Makmur Sentosa Tbk (RISE)
BBSI,pengenaan,2026-07-14,2026-09-23,https://www.idx.co.id/Media/atzhomm0/1784045940_signed_lamp-2-draft-pengumuman-hsc-14-juli-2026_part20.pdf,Pengenaan Kepemilikan Saham Terkonsentrasi Tinggi PT Krom Bank Indonesia Tbk (BBSI)
FILM,pengenaan,2026-07-14,2026-09-23,https://www.idx.co.id/Media/rzmd0jym/1784045896_signed_lamp-2-draft-pengumuman-hsc-14-juli-2026_part30.pdf,Pengenaan Kepemilikan Saham Terkonsentrasi Tinggi PT MD Entertainment Tbk (FILM)
LIFE,pengenaan,2026-07-14,2026-09-23,https://www.idx.co.id/Media/1bebr4ij/1784045911_signed_lamp-2-draft-pengumuman-hsc-14-juli-2026_part23.pdf,Pengenaan Kepemilikan Saham Terkonsentrasi Tinggi PT MSIG Life Insurance Indonesia Tbk (LIFE)
MPRO,pengenaan,2026-07-14,2026-09-23,https://www.idx.co.id/Media/tdenwvpp/1784045828_signed_lamp-2-draft-pengumuman-hsc-14-juli-2026_part7.pdf,Pengenaan Kepemilikan Saham Terkonsentrasi Tinggi PT Maha Properti Indonesia Tbk (MPRO)
MKPI,pengenaan,2026-07-14,2026-09-23,https://www.idx.co.id/Media/gxjla5ax/1784045857_signed_lamp-2-draft-pengumuman-hsc-14-juli-2026_part34.pdf,Pengenaan Kepemilikan Saham Terkonsentrasi Tinggi PT Metropolitan Kentjana Tbk (MKPI)
MLPT,pengenaan,2026-07-14,2026-09-23,https://www.idx.co.id/Media/oeqlsuwe/1784045801_signed_lamp-2-draft-pengumuman-hsc-14-juli-2026_part12.pdf,Pengenaan Kepemilikan Saham Terkonsentrasi Tinggi PT Multipolar Technology Tbk (MLPT)
ELPI,pengenaan,2026-07-14,2026-09-23,https://www.idx.co.id/Media/yirjryqf/1784045900_signed_lamp-2-draft-pengumuman-hsc-14-juli-2026_part28.pdf,Pengenaan Kepemilikan Saham Terkonsentrasi Tinggi PT Pelayaran Nasional Ekalya Purnamasari Tbk (ELPI)
KONI,pengenaan,2026-07-14,2026-09-23,https://www.idx.co.id/Media/jvvdgjip/1784045866_signed_lamp-2-draft-pengumuman-hsc-14-juli-2026_part33.pdf,Pengenaan Kepemilikan Saham Terkonsentrasi Tinggi PT Perdana Bangun Pusaka Tbk (KONI)
PGUN,pengenaan,2026-07-14,2026-09-23,https://www.idx.co.id/Media/0yualss4/1784045973_signed_lamp-2-draft-pengumuman-hsc-14-juli-2026_part9.pdf,Pengenaan Kepemilikan Saham Terkonsentrasi Tinggi PT Pradiksi Gunatama Tbk (PGUN)
MCOL,pengenaan,2026-07-14,2026-09-23,https://www.idx.co.id/Media/chccrjuz/1784045916_signed_lamp-2-draft-pengumuman-hsc-14-juli-2026_part24.pdf,Pengenaan Kepemilikan Saham Terkonsentrasi Tinggi PT Prima Andalan Mandiri Tbk (MCOL)
SRAJ,pengenaan,2026-07-14,2026-09-23,https://www.idx.co.id/Media/mvcdfkf4/1784046005_signed_lamp-2-draft-pengumuman-hsc-14-juli-2026_part4.pdf,Pengenaan Kepemilikan Saham Terkonsentrasi Tinggi PT Sejahteraraya Anugrahjaya Tbk (SRAJ)
STTP,pengenaan,2026-07-14,2026-09-23,https://www.idx.co.id/Media/2t3kudmn/1784045926_signed_lamp-2-draft-pengumuman-hsc-14-juli-2026_part26.pdf,Pengenaan Kepemilikan Saham Terkonsentrasi Tinggi PT Siantar Top Tbk (STTP)
SILO,pengenaan,2026-07-14,2026-09-23,https://www.idx.co.id/Media/amgm12fv/1784045945_signed_lamp-2-draft-pengumuman-hsc-14-juli-2026_part13.pdf,Pengenaan Kepemilikan Saham Terkonsentrasi Tinggi PT Siloam International Hospitals Tbk (SILO)
SMAR,pengenaan,2026-07-14,2026-09-23,https://www.idx.co.id/Media/41sjj1y0/1784045847_signed_lamp-2-draft-pengumuman-hsc-14-juli-2026_part21.pdf,Pengenaan Kepemilikan Saham Terkonsentrasi Tinggi PT Sinar Mas Agro Resources and Technology Tbk (SMAR)
SOHO,pengenaan,2026-07-14,2026-09-23,https://www.idx.co.id/Media/htfnadu5/1784045963_signed_lamp-2-draft-pengumuman-hsc-14-juli-2026_part19.pdf,Pengenaan Kepemilikan Saham Terkonsentrasi Tinggi PT Soho Global Health Tbk (SOHO)
YUPI,pengenaan,2026-07-14,2026-09-23,https://www.idx.co.id/Media/h4fjf4xm/1784045871_signed_lamp-2-draft-pengumuman-hsc-14-juli-2026_part27.pdf,Pengenaan Kepemilikan Saham Terkonsentrasi Tinggi PT Yupi Indo Jelly Gum Tbk (YUPI)
ALKA,pengenaan,2026-08-04,2026-09-23,https://www.idx.co.id/Media/3e0poveb/pengumuman-hsc-alka-1.pdf,Pengenaan Kepemilikan Saham Terkonsentrasi Tinggi PT Alakasa Industrindo Tbk (ALKA)
AGAR,pengenaan,2026-08-04,2026-09-23,https://www.idx.co.id/Media/5lyft4gk/pengumuman-hsc-agar-1.pdf,Pengenaan Kepemilikan Saham Terkonsentrasi Tinggi PT Asia Sejahtera Mina Tbk (AGAR)
BKDP,pengenaan,2026-08-05,2026-09-23,https://www.idx.co.id/Media/uj5jl2kj/pengumuman-hsc-bkdp.pdf,Pengenaan Kepemilikan Saham Terkonsentrasi Tinggi PT Bukit Darmo Property Tbk (BKDP)
BAJA,pengenaan,2026-08-10,2026-09-23,https://www.idx.co.id/Media/jt3npklr/pengumuman-hsc-baja.pdf,Pengenaan Kepemilikan Saham Terkonsentrasi Tinggi PT Saranacentral Bajatama Tbk (BAJA)
MDIA,pengenaan,2026-08-14,2026-09-23,https://www.idx.co.id/Media/wqvlntzx/pengumuman-hsc-mdia.pdf,Pengenaan Kepemilikan Saham Terkonsentrasi Tinggi PT Intermedia Capital Tbk (MDIA)
BDKR,pengenaan,2026-08-26,2026-09-23,https://www.idx.co.id/Media/bs3clo3w/pengumuman-hsc-bdkr.pdf,Pengenaan Kepemilikan Saham Terkonsentrasi Tinggi PT Berdikari Pondasi Perkasa Tbk (BDKR)
SAFE,pengenaan,2026-09-04,2026-09-23,https://www.idx.co.id/Media/nnxmmzpc/pengumuman-hsc-safe.pdf,Pengenaan Kepemilikan Saham Terkonsentrasi Tinggi PT Steady Safe Tbk (SAFE)
NICK,pengenaan,2026-09-22,2026-09-23,https://www.idx.co.id/Media/py4bucpa/pengumuman-hsc-nick.pdf,Pengenaan Kepemilikan Saham Terkonsentrasi Tinggi PT Charnic Capital Tbk (NICK)
