kode,notasi,tanggal_data,sumber_url,keterangan
ABBA,"E,X",2026-09-22,https://www.idx.id/id/perusahaan-tercatat/notasi-khusus/,E : Laporan keuangan terakhir menunjukkan ekuitas negatif berdasarkan laporan keuangan 2026 Kuartal II| X : Perusahaan Tercatat dicatatkan di Papan Pemantauan Khusus
ACST,"M,E,X",2026-09-22,https://www.idx.id/id/perusahaan-tercatat/notasi-khusus/,M : Adanya permohonan Penundaan Kewajiban Pembayaran Utang (PKPU)| E : Laporan keuangan terakhir menunjukkan ekuitas negatif berdasarkan laporan keuangan 2026 Kuartal II| X : Perusahaan Tercatat dicatatkan di Papan Pemantauan Khusus
ADCP,M,2026-09-22,https://www.idx.id/id/perusahaan-tercatat/notasi-khusus/,M : Adanya permohonan Penundaan Kewajiban Pembayaran Utang (PKPU)
ADES,X,2026-09-22,https://www.idx.id/id/perusahaan-tercatat/notasi-khusus/,X : Perusahaan Tercatat dicatatkan di Papan Pemantauan Khusus
AKKU,X,2026-09-22,https://www.idx.id/id/perusahaan-tercatat/notasi-khusus/,X : Perusahaan Tercatat dicatatkan di Papan Pemantauan Khusus
ALMI,X,2026-09-22,https://www.idx.id/id/perusahaan-tercatat/notasi-khusus/,X : Perusahaan Tercatat dicatatkan di Papan Pemantauan Khusus
ALTO,"M,L,Y,X",2026-09-22,https://www.idx.id/id/perusahaan-tercatat/notasi-khusus/,M : Adanya permohonan Penundaan Kewajiban Pembayaran Utang (PKPU)| L : Perusahaan Tercatat terakhir menyampaikan laporan keuangan 2024 Kuartal III| Y : Perusahaan Tercatat yang belum menyelenggarakan Rapat Umum Pemegang Saham Tahunan (RUPST) sampai dengan 6 (enam) bulan setelah tahun buku berakhir| X : Perusahaan Tercatat dicatatkan di Papan Pemantauan Khusus
AMMS,L,2026-09-22,https://www.idx.id/id/perusahaan-tercatat/notasi-khusus/,L : Perusahaan Tercatat terakhir menyampaikan laporan keuangan 2025 Tahunan
ANDI,X,2026-09-22,https://www.idx.id/id/perusahaan-tercatat/notasi-khusus/,X : Perusahaan Tercatat dicatatkan di Papan Pemantauan Khusus
ARKA,"L,Y,X",2026-09-22,https://www.idx.id/id/perusahaan-tercatat/notasi-khusus/,L : Perusahaan Tercatat terakhir menyampaikan laporan keuangan 2025 Kuartal III| Y : Perusahaan Tercatat yang belum menyelenggarakan Rapat Umum Pemegang Saham Tahunan (RUPST) sampai dengan 6 (enam) bulan setelah tahun buku berakhir| X : Perusahaan Tercatat dicatatkan di Papan Pemantauan Khusus
ARMY,"L,Y,X",2026-09-22,https://www.idx.id/id/perusahaan-tercatat/notasi-khusus/,L : Perusahaan Tercatat terakhir menyampaikan laporan keuangan 2021 Kuartal III| Y : Perusahaan Tercatat yang belum menyelenggarakan Rapat Umum Pemegang Saham Tahunan (RUPST) sampai dengan 6 (enam) bulan setelah tahun buku berakhir| X : Perusahaan Tercatat dicatatkan di Papan Pemantauan Khusus
ARTI,"E,L,Y,X",2026-09-22,https://www.idx.id/id/perusahaan-tercatat/notasi-khusus/,E : Laporan keuangan terakhir menunjukkan ekuitas negatif berdasarkan laporan keuangan 2026 Kuartal I| L : Perusahaan Tercatat terakhir menyampaikan laporan keuangan 2026 Kuartal I| Y : Perusahaan Tercatat yang belum menyelenggarakan Rapat Umum Pemegang Saham Tahunan (RUPST) sampai dengan 6 (enam) bulan setelah tahun buku berakhir| X : Perusahaan Tercatat dicatatkan di Papan Pemantauan Khusus
ASMI,X,2026-09-22,https://www.idx.id/id/perusahaan-tercatat/notasi-khusus/,X : Perusahaan Tercatat dicatatkan di Papan Pemantauan Khusus
BAPI,X,2026-09-22,https://www.idx.id/id/perusahaan-tercatat/notasi-khusus/,X : Perusahaan Tercatat dicatatkan di Papan Pemantauan Khusus
BATA,"E,X",2026-09-22,https://www.idx.id/id/perusahaan-tercatat/notasi-khusus/,E : Laporan keuangan terakhir menunjukkan ekuitas negatif berdasarkan laporan keuangan 2026 Kuartal II| X : Perusahaan Tercatat dicatatkan di Papan Pemantauan Khusus
BAUT,X,2026-09-22,https://www.idx.id/id/perusahaan-tercatat/notasi-khusus/,X : Perusahaan Tercatat dicatatkan di Papan Pemantauan Khusus
BEBS,"L,Y,X",2026-09-22,https://www.idx.id/id/perusahaan-tercatat/notasi-khusus/,L : Perusahaan Tercatat terakhir menyampaikan laporan keuangan 2024 Kuartal III| Y : Perusahaan Tercatat yang belum menyelenggarakan Rapat Umum Pemegang Saham Tahunan (RUPST) sampai dengan 6 (enam) bulan setelah tahun buku berakhir| X : Perusahaan Tercatat dicatatkan di Papan Pemantauan Khusus
BEKS,X,2026-09-22,https://www.idx.id/id/perusahaan-tercatat/notasi-khusus/,X : Perusahaan Tercatat dicatatkan di Papan Pemantauan Khusus
BHAT,"L,Y",2026-09-22,https://www.idx.id/id/perusahaan-tercatat/notasi-khusus/,L : Perusahaan Tercatat terakhir menyampaikan laporan keuangan 2025 Kuartal III| Y : Perusahaan Tercatat yang belum menyelenggarakan Rapat Umum Pemegang Saham Tahunan (RUPST) sampai dengan 6 (enam) bulan setelah tahun buku berakhir
BHIT,X,2026-09-22,https://www.idx.id/id/perusahaan-tercatat/notasi-khusus/,X : Perusahaan Tercatat dicatatkan di Papan Pemantauan Khusus
BIKA,"E,L,Y,X",2026-09-22,https://www.idx.id/id/perusahaan-tercatat/notasi-khusus/,E : Laporan keuangan terakhir menunjukkan ekuitas negatif berdasarkan laporan keuangan 2024 Kuartal III| L : Perusahaan Tercatat terakhir menyampaikan laporan keuangan 2024 Kuartal III| Y : Perusahaan Tercatat yang belum menyelenggarakan Rapat Umum Pemegang Saham Tahunan (RUPST) sampai dengan 6 (enam) bulan setelah tahun buku berakhir| X : Perusahaan Tercatat dicatatkan di Papan Pemantauan Khusus
BIKE,X,2026-09-22,https://www.idx.id/id/perusahaan-tercatat/notasi-khusus/,X : Perusahaan Tercatat dicatatkan di Papan Pemantauan Khusus
BIMA,"D,X",2026-09-22,https://www.idx.id/id/perusahaan-tercatat/notasi-khusus/,"D : Adanya Opini ""Tidak Menyatakan Pendapat (Disclaimer)"" dari Akuntan Publik| X : Perusahaan Tercatat dicatatkan di Papan Pemantauan Khusus"
BLTA,X,2026-09-22,https://www.idx.id/id/perusahaan-tercatat/notasi-khusus/,X : Perusahaan Tercatat dicatatkan di Papan Pemantauan Khusus
BLTZ,X,2026-09-22,https://www.idx.id/id/perusahaan-tercatat/notasi-khusus/,X : Perusahaan Tercatat dicatatkan di Papan Pemantauan Khusus
BOSS,"B,E,L,Y,X",2026-09-22,https://www.idx.id/id/perusahaan-tercatat/notasi-khusus/,"B : Adanya permohonan Pernyataan Pailit, permohonan pembatalan perdamaian, atau dalam kondisi pailit| E : Laporan keuangan terakhir menunjukkan ekuitas negatif berdasarkan laporan keuangan 2023 Kuartal III| L : Perusahaan Tercatat terakhir menyampaikan laporan keuangan 2023 Kuartal III| Y : Perusahaan Tercatat yang belum menyelenggarakan Rapat Umum Pemegang Saham Tahunan (RUPST) sampai dengan 6 (enam) bulan setelah tahun buku berakhir| X : Perusahaan Tercatat dicatatkan di Papan Pemantauan Khusus"
BSWD,X,2026-09-22,https://www.idx.id/id/perusahaan-tercatat/notasi-khusus/,X : Perusahaan Tercatat dicatatkan di Papan Pemantauan Khusus
BTEK,X,2026-09-22,https://www.idx.id/id/perusahaan-tercatat/notasi-khusus/,X : Perusahaan Tercatat dicatatkan di Papan Pemantauan Khusus
BTEL,"E,L,Y,X",2026-09-22,https://www.idx.id/id/perusahaan-tercatat/notasi-khusus/,E : Laporan keuangan terakhir menunjukkan ekuitas negatif berdasarkan laporan keuangan 2025 Kuartal III| L : Perusahaan Tercatat terakhir menyampaikan laporan keuangan 2025 Kuartal III| Y : Perusahaan Tercatat yang belum menyelenggarakan Rapat Umum Pemegang Saham Tahunan (RUPST) sampai dengan 6 (enam) bulan setelah tahun buku berakhir| X : Perusahaan Tercatat dicatatkan di Papan Pemantauan Khusus
BUKA,I,2026-09-22,https://www.idx.id/id/perusahaan-tercatat/notasi-khusus/,I : Perusahaan Tercatat yang tidak menerapkan Saham Dengan Hak Suara Multipel dan tercatat di Papan Ekonomi Baru
CANI,"E,X",2026-09-22,https://www.idx.id/id/perusahaan-tercatat/notasi-khusus/,E : Laporan keuangan terakhir menunjukkan ekuitas negatif berdasarkan laporan keuangan 2025 Kuartal III| X : Perusahaan Tercatat dicatatkan di Papan Pemantauan Khusus
CASH,"E,X",2026-09-22,https://www.idx.id/id/perusahaan-tercatat/notasi-khusus/,E : Laporan keuangan terakhir menunjukkan ekuitas negatif berdasarkan laporan keuangan 2026 Kuartal II| X : Perusahaan Tercatat dicatatkan di Papan Pemantauan Khusus
CBMF,"L,Y,X",2026-09-22,https://www.idx.id/id/perusahaan-tercatat/notasi-khusus/,L : Perusahaan Tercatat terakhir menyampaikan laporan keuangan 2023 Kuartal III| Y : Perusahaan Tercatat yang belum menyelenggarakan Rapat Umum Pemegang Saham Tahunan (RUPST) sampai dengan 6 (enam) bulan setelah tahun buku berakhir| X : Perusahaan Tercatat dicatatkan di Papan Pemantauan Khusus
CBRE,G,2026-09-22,https://www.idx.id/id/perusahaan-tercatat/notasi-khusus/,G : Sanksi Administratif dan/atau Perintah Tertulis dari OJK yang dikenakan terhadap Perusahaan Tercatat karena pelanggaran peraturan di bidang Pasar Modal dengan kategori Pelanggaran Sedang
CMPP,"E,X",2026-09-22,https://www.idx.id/id/perusahaan-tercatat/notasi-khusus/,E : Laporan keuangan terakhir menunjukkan ekuitas negatif berdasarkan laporan keuangan 2026 Kuartal II| X : Perusahaan Tercatat dicatatkan di Papan Pemantauan Khusus
CNKO,"E,X",2026-09-22,https://www.idx.id/id/perusahaan-tercatat/notasi-khusus/,E : Laporan keuangan terakhir menunjukkan ekuitas negatif berdasarkan laporan keuangan 2026 Kuartal II| X : Perusahaan Tercatat dicatatkan di Papan Pemantauan Khusus
COAL,"L,S,Y,X",2026-09-22,https://www.idx.id/id/perusahaan-tercatat/notasi-khusus/,L : Perusahaan Tercatat terakhir menyampaikan laporan keuangan 2026 Kuartal I| S : Laporan keuangan terakhir menunjukkan tidak ada pendapatan usaha berdasarkan laporan keuangan 2026 Kuartal I| Y : Perusahaan Tercatat yang belum menyelenggarakan Rapat Umum Pemegang Saham Tahunan (RUPST) sampai dengan 6 (enam) bulan setelah tahun buku berakhir| X : Perusahaan Tercatat dicatatkan di Papan Pemantauan Khusus
COWL,"B,E,D,L,Y,X",2026-09-22,https://www.idx.id/id/perusahaan-tercatat/notasi-khusus/,"B : Adanya permohonan Pernyataan Pailit, permohonan pembatalan perdamaian, atau dalam kondisi pailit| E : Laporan keuangan terakhir menunjukkan ekuitas negatif berdasarkan laporan keuangan 2019 Tahunan| D : Adanya Opini ""Tidak Menyatakan Pendapat (Disclaimer)"" dari Akuntan Publik| L : Perusahaan Tercatat terakhir menyampaikan laporan keuangan 2019 Tahunan| Y : Perusahaan Tercatat yang belum menyelenggarakan Rapat Umum Pemegang Saham Tahunan (RUPST) sampai dengan 6 (enam) bulan setelah tahun buku berakhir| X : Perusahaan Tercatat dicatatkan di Papan Pemantauan Khusus"
CPRI,"L,Y,X",2026-09-22,https://www.idx.id/id/perusahaan-tercatat/notasi-khusus/,L : Perusahaan Tercatat terakhir menyampaikan laporan keuangan 2022 Kuartal III| Y : Perusahaan Tercatat yang belum menyelenggarakan Rapat Umum Pemegang Saham Tahunan (RUPST) sampai dengan 6 (enam) bulan setelah tahun buku berakhir| X : Perusahaan Tercatat dicatatkan di Papan Pemantauan Khusus
CRAB,Y,2026-09-22,https://www.idx.id/id/perusahaan-tercatat/notasi-khusus/,Y : Perusahaan Tercatat yang belum menyelenggarakan Rapat Umum Pemegang Saham Tahunan (RUPST) sampai dengan 6 (enam) bulan setelah tahun buku berakhir
DEAL,"B,E,L,Y,X",2026-09-22,https://www.idx.id/id/perusahaan-tercatat/notasi-khusus/,"B : Adanya permohonan Pernyataan Pailit, permohonan pembatalan perdamaian, atau dalam kondisi pailit| E : Laporan keuangan terakhir menunjukkan ekuitas negatif berdasarkan laporan keuangan 2023 Kuartal III| L : Perusahaan Tercatat terakhir menyampaikan laporan keuangan 2023 Kuartal III| Y : Perusahaan Tercatat yang belum menyelenggarakan Rapat Umum Pemegang Saham Tahunan (RUPST) sampai dengan 6 (enam) bulan setelah tahun buku berakhir| X : Perusahaan Tercatat dicatatkan di Papan Pemantauan Khusus"
DIGI,"E,X",2026-09-22,https://www.idx.id/id/perusahaan-tercatat/notasi-khusus/,E : Laporan keuangan terakhir menunjukkan ekuitas negatif berdasarkan laporan keuangan 2026 Kuartal II| X : Perusahaan Tercatat dicatatkan di Papan Pemantauan Khusus
DPNS,"L,X",2026-09-22,https://www.idx.id/id/perusahaan-tercatat/notasi-khusus/,L : Perusahaan Tercatat terakhir menyampaikan laporan keuangan 2025 Tahunan| X : Perusahaan Tercatat dicatatkan di Papan Pemantauan Khusus
DUCK,"L,Y,X",2026-09-22,https://www.idx.id/id/perusahaan-tercatat/notasi-khusus/,L : Perusahaan Tercatat terakhir menyampaikan laporan keuangan 2020 Kuartal III| Y : Perusahaan Tercatat yang belum menyelenggarakan Rapat Umum Pemegang Saham Tahunan (RUPST) sampai dengan 6 (enam) bulan setelah tahun buku berakhir| X : Perusahaan Tercatat dicatatkan di Papan Pemantauan Khusus
DUTI,X,2026-09-22,https://www.idx.id/id/perusahaan-tercatat/notasi-khusus/,X : Perusahaan Tercatat dicatatkan di Papan Pemantauan Khusus
EDGE,X,2026-09-22,https://www.idx.id/id/perusahaan-tercatat/notasi-khusus/,X : Perusahaan Tercatat dicatatkan di Papan Pemantauan Khusus
ELTY,X,2026-09-22,https://www.idx.id/id/perusahaan-tercatat/notasi-khusus/,X : Perusahaan Tercatat dicatatkan di Papan Pemantauan Khusus
ENVY,"E,L,Y,X",2026-09-22,https://www.idx.id/id/perusahaan-tercatat/notasi-khusus/,E : Laporan keuangan terakhir menunjukkan ekuitas negatif berdasarkan laporan keuangan 2025 Kuartal III| L : Perusahaan Tercatat terakhir menyampaikan laporan keuangan 2025 Kuartal III| Y : Perusahaan Tercatat yang belum menyelenggarakan Rapat Umum Pemegang Saham Tahunan (RUPST) sampai dengan 6 (enam) bulan setelah tahun buku berakhir| X : Perusahaan Tercatat dicatatkan di Papan Pemantauan Khusus
ETWA,"M,E,L,Y,X",2026-09-22,https://www.idx.id/id/perusahaan-tercatat/notasi-khusus/,M : Adanya permohonan Penundaan Kewajiban Pembayaran Utang (PKPU)| E : Laporan keuangan terakhir menunjukkan ekuitas negatif berdasarkan laporan keuangan 2023 Kuartal II| L : Perusahaan Tercatat terakhir menyampaikan laporan keuangan 2023 Kuartal II| Y : Perusahaan Tercatat yang belum menyelenggarakan Rapat Umum Pemegang Saham Tahunan (RUPST) sampai dengan 6 (enam) bulan setelah tahun buku berakhir| X : Perusahaan Tercatat dicatatkan di Papan Pemantauan Khusus
FAST,M,2026-09-22,https://www.idx.id/id/perusahaan-tercatat/notasi-khusus/,M : Adanya permohonan Penundaan Kewajiban Pembayaran Utang (PKPU)
FASW,X,2026-09-22,https://www.idx.id/id/perusahaan-tercatat/notasi-khusus/,X : Perusahaan Tercatat dicatatkan di Papan Pemantauan Khusus
FIMP,X,2026-09-22,https://www.idx.id/id/perusahaan-tercatat/notasi-khusus/,X : Perusahaan Tercatat dicatatkan di Papan Pemantauan Khusus
FOOD,"E,X",2026-09-22,https://www.idx.id/id/perusahaan-tercatat/notasi-khusus/,E : Laporan keuangan terakhir menunjukkan ekuitas negatif berdasarkan laporan keuangan 2026 Kuartal II| X : Perusahaan Tercatat dicatatkan di Papan Pemantauan Khusus
GAMA,"L,Y,X",2026-09-22,https://www.idx.id/id/perusahaan-tercatat/notasi-khusus/,L : Perusahaan Tercatat terakhir menyampaikan laporan keuangan 2022 Kuartal III| Y : Perusahaan Tercatat yang belum menyelenggarakan Rapat Umum Pemegang Saham Tahunan (RUPST) sampai dengan 6 (enam) bulan setelah tahun buku berakhir| X : Perusahaan Tercatat dicatatkan di Papan Pemantauan Khusus
GLOB,"E,X",2026-09-22,https://www.idx.id/id/perusahaan-tercatat/notasi-khusus/,E : Laporan keuangan terakhir menunjukkan ekuitas negatif berdasarkan laporan keuangan 2026 Kuartal II| X : Perusahaan Tercatat dicatatkan di Papan Pemantauan Khusus
GOLL,"B,L,Y,X",2026-09-22,https://www.idx.id/id/perusahaan-tercatat/notasi-khusus/,"B : Adanya permohonan Pernyataan Pailit, permohonan pembatalan perdamaian, atau dalam kondisi pailit| L : Perusahaan Tercatat terakhir menyampaikan laporan keuangan 2021 Kuartal III| Y : Perusahaan Tercatat yang belum menyelenggarakan Rapat Umum Pemegang Saham Tahunan (RUPST) sampai dengan 6 (enam) bulan setelah tahun buku berakhir| X : Perusahaan Tercatat dicatatkan di Papan Pemantauan Khusus"
GOTO,N,2026-09-22,https://www.idx.id/id/perusahaan-tercatat/notasi-khusus/,N : Perusahaan Tercatat yang menerapkan Saham Dengan Hak Suara Multipel dan tidak tercatat di Papan Ekonomi Baru
GOTOM,N,2026-09-22,https://www.idx.id/id/perusahaan-tercatat/notasi-khusus/,N : Perusahaan Tercatat yang menerapkan Saham Dengan Hak Suara Multipel dan tidak tercatat di Papan Ekonomi Baru
GRPH,X,2026-09-22,https://www.idx.id/id/perusahaan-tercatat/notasi-khusus/,X : Perusahaan Tercatat dicatatkan di Papan Pemantauan Khusus
GTBO,"S,Y,X",2026-09-22,https://www.idx.id/id/perusahaan-tercatat/notasi-khusus/,S : Laporan keuangan terakhir menunjukkan tidak ada pendapatan usaha berdasarkan laporan keuangan 2026 Kuartal II| Y : Perusahaan Tercatat yang belum menyelenggarakan Rapat Umum Pemegang Saham Tahunan (RUPST) sampai dengan 6 (enam) bulan setelah tahun buku berakhir| X : Perusahaan Tercatat dicatatkan di Papan Pemantauan Khusus
HADE,X,2026-09-22,https://www.idx.id/id/perusahaan-tercatat/notasi-khusus/,X : Perusahaan Tercatat dicatatkan di Papan Pemantauan Khusus
HILL,"M,E,X",2026-09-22,https://www.idx.id/id/perusahaan-tercatat/notasi-khusus/,M : Adanya permohonan Penundaan Kewajiban Pembayaran Utang (PKPU)| E : Laporan keuangan terakhir menunjukkan ekuitas negatif berdasarkan laporan keuangan 2026 Kuartal II| X : Perusahaan Tercatat dicatatkan di Papan Pemantauan Khusus
HITS,"L,Y,X",2026-09-22,https://www.idx.id/id/perusahaan-tercatat/notasi-khusus/,L : Perusahaan Tercatat terakhir menyampaikan laporan keuangan 2025 Kuartal III| Y : Perusahaan Tercatat yang belum menyelenggarakan Rapat Umum Pemegang Saham Tahunan (RUPST) sampai dengan 6 (enam) bulan setelah tahun buku berakhir| X : Perusahaan Tercatat dicatatkan di Papan Pemantauan Khusus
HKMU,"M,E,D,L,Y,X",2026-09-22,https://www.idx.id/id/perusahaan-tercatat/notasi-khusus/,"M : Adanya permohonan Penundaan Kewajiban Pembayaran Utang (PKPU)| E : Laporan keuangan terakhir menunjukkan ekuitas negatif berdasarkan laporan keuangan 2023 Kuartal I| D : Adanya Opini ""Tidak Menyatakan Pendapat (Disclaimer)"" dari Akuntan Publik| L : Perusahaan Tercatat terakhir menyampaikan laporan keuangan 2023 Kuartal I| Y : Perusahaan Tercatat yang belum menyelenggarakan Rapat Umum Pemegang Saham Tahunan (RUPST) sampai dengan 6 (enam) bulan setelah tahun buku berakhir| X : Perusahaan Tercatat dicatatkan di Papan Pemantauan Khusus"
HOME,"A,L,Y,X",2026-09-22,https://www.idx.id/id/perusahaan-tercatat/notasi-khusus/,A : Adanya Opini Tidak Wajar (Adverse) dari Akuntan Publik berdasarkan laporan keuangan 2020 Kuartal III| L : Perusahaan Tercatat terakhir menyampaikan laporan keuangan 2020 Kuartal III| Y : Perusahaan Tercatat yang belum menyelenggarakan Rapat Umum Pemegang Saham Tahunan (RUPST) sampai dengan 6 (enam) bulan setelah tahun buku berakhir| X : Perusahaan Tercatat dicatatkan di Papan Pemantauan Khusus
HOTL,"M,L,Y,X",2026-09-22,https://www.idx.id/id/perusahaan-tercatat/notasi-khusus/,M : Adanya permohonan Penundaan Kewajiban Pembayaran Utang (PKPU)| L : Perusahaan Tercatat terakhir menyampaikan laporan keuangan 2024 Kuartal III| Y : Perusahaan Tercatat yang belum menyelenggarakan Rapat Umum Pemegang Saham Tahunan (RUPST) sampai dengan 6 (enam) bulan setelah tahun buku berakhir| X : Perusahaan Tercatat dicatatkan di Papan Pemantauan Khusus
HRME,X,2026-09-22,https://www.idx.id/id/perusahaan-tercatat/notasi-khusus/,X : Perusahaan Tercatat dicatatkan di Papan Pemantauan Khusus
IBFN,"E,X",2026-09-22,https://www.idx.id/id/perusahaan-tercatat/notasi-khusus/,E : Laporan keuangan terakhir menunjukkan ekuitas negatif berdasarkan laporan keuangan 2026 Kuartal II| X : Perusahaan Tercatat dicatatkan di Papan Pemantauan Khusus
IBST,X,2026-09-22,https://www.idx.id/id/perusahaan-tercatat/notasi-khusus/,X : Perusahaan Tercatat dicatatkan di Papan Pemantauan Khusus
IFSH,"F,X",2026-09-22,https://www.idx.id/id/perusahaan-tercatat/notasi-khusus/,F : Sanksi Administratif dan/atau Perintah Tertulis dari OJK yang dikenakan terhadap Perusahaan Tercatat karena pelanggaran peraturan di bidang Pasar Modal dengan kategori Pelanggaran Ringan| X : Perusahaan Tercatat dicatatkan di Papan Pemantauan Khusus
IIKP,X,2026-09-22,https://www.idx.id/id/perusahaan-tercatat/notasi-khusus/,X : Perusahaan Tercatat dicatatkan di Papan Pemantauan Khusus
IKAI,X,2026-09-22,https://www.idx.id/id/perusahaan-tercatat/notasi-khusus/,X : Perusahaan Tercatat dicatatkan di Papan Pemantauan Khusus
INAF,"E,X",2026-09-22,https://www.idx.id/id/perusahaan-tercatat/notasi-khusus/,E : Laporan keuangan terakhir menunjukkan ekuitas negatif berdasarkan laporan keuangan 2026 Kuartal II| X : Perusahaan Tercatat dicatatkan di Papan Pemantauan Khusus
INCF,"L,Y,X",2026-09-22,https://www.idx.id/id/perusahaan-tercatat/notasi-khusus/,L : Perusahaan Tercatat terakhir menyampaikan laporan keuangan 2025 Kuartal III| Y : Perusahaan Tercatat yang belum menyelenggarakan Rapat Umum Pemegang Saham Tahunan (RUPST) sampai dengan 6 (enam) bulan setelah tahun buku berakhir| X : Perusahaan Tercatat dicatatkan di Papan Pemantauan Khusus
INDX,"L,Y",2026-09-22,https://www.idx.id/id/perusahaan-tercatat/notasi-khusus/,L : Perusahaan Tercatat terakhir menyampaikan laporan keuangan 2025 Kuartal III| Y : Perusahaan Tercatat yang belum menyelenggarakan Rapat Umum Pemegang Saham Tahunan (RUPST) sampai dengan 6 (enam) bulan setelah tahun buku berakhir
INPS,"E,X",2026-09-22,https://www.idx.id/id/perusahaan-tercatat/notasi-khusus/,E : Laporan keuangan terakhir menunjukkan ekuitas negatif berdasarkan laporan keuangan 2026 Kuartal II| X : Perusahaan Tercatat dicatatkan di Papan Pemantauan Khusus
INRU,"A,L,X",2026-09-22,https://www.idx.id/id/perusahaan-tercatat/notasi-khusus/,A : Adanya Opini Tidak Wajar (Adverse) dari Akuntan Publik berdasarkan laporan keuangan 2026 Kuartal I| L : Perusahaan Tercatat terakhir menyampaikan laporan keuangan 2026 Kuartal I| X : Perusahaan Tercatat dicatatkan di Papan Pemantauan Khusus
INTA,"E,X",2026-09-22,https://www.idx.id/id/perusahaan-tercatat/notasi-khusus/,E : Laporan keuangan terakhir menunjukkan ekuitas negatif berdasarkan laporan keuangan 2026 Kuartal II| X : Perusahaan Tercatat dicatatkan di Papan Pemantauan Khusus
IPPE,"L,Y,X",2026-09-22,https://www.idx.id/id/perusahaan-tercatat/notasi-khusus/,L : Perusahaan Tercatat terakhir menyampaikan laporan keuangan 2024 Kuartal III| Y : Perusahaan Tercatat yang belum menyelenggarakan Rapat Umum Pemegang Saham Tahunan (RUPST) sampai dengan 6 (enam) bulan setelah tahun buku berakhir| X : Perusahaan Tercatat dicatatkan di Papan Pemantauan Khusus
IPTV,X,2026-09-22,https://www.idx.id/id/perusahaan-tercatat/notasi-khusus/,X : Perusahaan Tercatat dicatatkan di Papan Pemantauan Khusus
JMAS,"L,Y",2026-09-22,https://www.idx.id/id/perusahaan-tercatat/notasi-khusus/,L : Perusahaan Tercatat terakhir menyampaikan laporan keuangan 2025 Kuartal III| Y : Perusahaan Tercatat yang belum menyelenggarakan Rapat Umum Pemegang Saham Tahunan (RUPST) sampai dengan 6 (enam) bulan setelah tahun buku berakhir
JSKY,"E,L,Y,X",2026-09-22,https://www.idx.id/id/perusahaan-tercatat/notasi-khusus/,E : Laporan keuangan terakhir menunjukkan ekuitas negatif berdasarkan laporan keuangan 2022 Tahunan| L : Perusahaan Tercatat terakhir menyampaikan laporan keuangan 2022 Tahunan| Y : Perusahaan Tercatat yang belum menyelenggarakan Rapat Umum Pemegang Saham Tahunan (RUPST) sampai dengan 6 (enam) bulan setelah tahun buku berakhir| X : Perusahaan Tercatat dicatatkan di Papan Pemantauan Khusus
KARW,"E,X",2026-09-22,https://www.idx.id/id/perusahaan-tercatat/notasi-khusus/,E : Laporan keuangan terakhir menunjukkan ekuitas negatif berdasarkan laporan keuangan 2026 Kuartal II| X : Perusahaan Tercatat dicatatkan di Papan Pemantauan Khusus
KAYU,"D,L,Y,X",2026-09-22,https://www.idx.id/id/perusahaan-tercatat/notasi-khusus/,"D : Adanya Opini ""Tidak Menyatakan Pendapat (Disclaimer)"" dari Akuntan Publik| L : Perusahaan Tercatat terakhir menyampaikan laporan keuangan 2023 Tahunan| Y : Perusahaan Tercatat yang belum menyelenggarakan Rapat Umum Pemegang Saham Tahunan (RUPST) sampai dengan 6 (enam) bulan setelah tahun buku berakhir| X : Perusahaan Tercatat dicatatkan di Papan Pemantauan Khusus"
KBAG,X,2026-09-22,https://www.idx.id/id/perusahaan-tercatat/notasi-khusus/,X : Perusahaan Tercatat dicatatkan di Papan Pemantauan Khusus
KBRI,"L,S,Y,X",2026-09-22,https://www.idx.id/id/perusahaan-tercatat/notasi-khusus/,L : Perusahaan Tercatat terakhir menyampaikan laporan keuangan 2019 Kuartal III| S : Laporan keuangan terakhir menunjukkan tidak ada pendapatan usaha berdasarkan laporan keuangan 2019 Kuartal III| Y : Perusahaan Tercatat yang belum menyelenggarakan Rapat Umum Pemegang Saham Tahunan (RUPST) sampai dengan 6 (enam) bulan setelah tahun buku berakhir| X : Perusahaan Tercatat dicatatkan di Papan Pemantauan Khusus
KIAS,X,2026-09-22,https://www.idx.id/id/perusahaan-tercatat/notasi-khusus/,X : Perusahaan Tercatat dicatatkan di Papan Pemantauan Khusus
KOIN,"E,X",2026-09-22,https://www.idx.id/id/perusahaan-tercatat/notasi-khusus/,E : Laporan keuangan terakhir menunjukkan ekuitas negatif berdasarkan laporan keuangan 2026 Kuartal II| X : Perusahaan Tercatat dicatatkan di Papan Pemantauan Khusus
KREN,X,2026-09-22,https://www.idx.id/id/perusahaan-tercatat/notasi-khusus/,X : Perusahaan Tercatat dicatatkan di Papan Pemantauan Khusus
LCGP,"L,Y,X",2026-09-22,https://www.idx.id/id/perusahaan-tercatat/notasi-khusus/,L : Perusahaan Tercatat terakhir menyampaikan laporan keuangan 2021 Kuartal III| Y : Perusahaan Tercatat yang belum menyelenggarakan Rapat Umum Pemegang Saham Tahunan (RUPST) sampai dengan 6 (enam) bulan setelah tahun buku berakhir| X : Perusahaan Tercatat dicatatkan di Papan Pemantauan Khusus
LCKM,L,2026-09-22,https://www.idx.id/id/perusahaan-tercatat/notasi-khusus/,L : Perusahaan Tercatat terakhir menyampaikan laporan keuangan 2026 Kuartal I
LIFE,X,2026-09-22,https://www.idx.id/id/perusahaan-tercatat/notasi-khusus/,X : Perusahaan Tercatat dicatatkan di Papan Pemantauan Khusus
LMAS,"E,D,L,Y,X",2026-09-22,https://www.idx.id/id/perusahaan-tercatat/notasi-khusus/,"E : Laporan keuangan terakhir menunjukkan ekuitas negatif berdasarkan laporan keuangan 2021 Kuartal III| D : Adanya Opini ""Tidak Menyatakan Pendapat (Disclaimer)"" dari Akuntan Publik| L : Perusahaan Tercatat terakhir menyampaikan laporan keuangan 2021 Kuartal III| Y : Perusahaan Tercatat yang belum menyelenggarakan Rapat Umum Pemegang Saham Tahunan (RUPST) sampai dengan 6 (enam) bulan setelah tahun buku berakhir| X : Perusahaan Tercatat dicatatkan di Papan Pemantauan Khusus"
LMSH,X,2026-09-22,https://www.idx.id/id/perusahaan-tercatat/notasi-khusus/,X : Perusahaan Tercatat dicatatkan di Papan Pemantauan Khusus
MABA,"D,L,Y,X",2026-09-22,https://www.idx.id/id/perusahaan-tercatat/notasi-khusus/,"D : Adanya Opini ""Tidak Menyatakan Pendapat (Disclaimer)"" dari Akuntan Publik| L : Perusahaan Tercatat terakhir menyampaikan laporan keuangan 2019 Tahunan| Y : Perusahaan Tercatat yang belum menyelenggarakan Rapat Umum Pemegang Saham Tahunan (RUPST) sampai dengan 6 (enam) bulan setelah tahun buku berakhir| X : Perusahaan Tercatat dicatatkan di Papan Pemantauan Khusus"
MAGP,"L,Y,X",2026-09-22,https://www.idx.id/id/perusahaan-tercatat/notasi-khusus/,L : Perusahaan Tercatat terakhir menyampaikan laporan keuangan 2022 Kuartal I| Y : Perusahaan Tercatat yang belum menyelenggarakan Rapat Umum Pemegang Saham Tahunan (RUPST) sampai dengan 6 (enam) bulan setelah tahun buku berakhir| X : Perusahaan Tercatat dicatatkan di Papan Pemantauan Khusus
MAPB,X,2026-09-22,https://www.idx.id/id/perusahaan-tercatat/notasi-khusus/,X : Perusahaan Tercatat dicatatkan di Papan Pemantauan Khusus
MARI,"E,X",2026-09-22,https://www.idx.id/id/perusahaan-tercatat/notasi-khusus/,E : Laporan keuangan terakhir menunjukkan ekuitas negatif berdasarkan laporan keuangan 2026 Kuartal II| X : Perusahaan Tercatat dicatatkan di Papan Pemantauan Khusus
MDIA,"L,Y",2026-09-22,https://www.idx.id/id/perusahaan-tercatat/notasi-khusus/,L : Perusahaan Tercatat terakhir menyampaikan laporan keuangan 2026 Kuartal I| Y : Perusahaan Tercatat yang belum menyelenggarakan Rapat Umum Pemegang Saham Tahunan (RUPST) sampai dengan 6 (enam) bulan setelah tahun buku berakhir
MDRN,"E,X",2026-09-22,https://www.idx.id/id/perusahaan-tercatat/notasi-khusus/,E : Laporan keuangan terakhir menunjukkan ekuitas negatif berdasarkan laporan keuangan 2026 Kuartal II| X : Perusahaan Tercatat dicatatkan di Papan Pemantauan Khusus
MENN,"L,Y,X",2026-09-22,https://www.idx.id/id/perusahaan-tercatat/notasi-khusus/,L : Perusahaan Tercatat terakhir menyampaikan laporan keuangan 2025 Kuartal II| Y : Perusahaan Tercatat yang belum menyelenggarakan Rapat Umum Pemegang Saham Tahunan (RUPST) sampai dengan 6 (enam) bulan setelah tahun buku berakhir| X : Perusahaan Tercatat dicatatkan di Papan Pemantauan Khusus
MFMI,X,2026-09-22,https://www.idx.id/id/perusahaan-tercatat/notasi-khusus/,X : Perusahaan Tercatat dicatatkan di Papan Pemantauan Khusus
MIRA,X,2026-09-22,https://www.idx.id/id/perusahaan-tercatat/notasi-khusus/,X : Perusahaan Tercatat dicatatkan di Papan Pemantauan Khusus
MKNT,"E,X",2026-09-22,https://www.idx.id/id/perusahaan-tercatat/notasi-khusus/,E : Laporan keuangan terakhir menunjukkan ekuitas negatif berdasarkan laporan keuangan 2026 Kuartal II| X : Perusahaan Tercatat dicatatkan di Papan Pemantauan Khusus
MLIA,X,2026-09-22,https://www.idx.id/id/perusahaan-tercatat/notasi-khusus/,X : Perusahaan Tercatat dicatatkan di Papan Pemantauan Khusus
MPPA,"E,X",2026-09-22,https://www.idx.id/id/perusahaan-tercatat/notasi-khusus/,E : Laporan keuangan terakhir menunjukkan ekuitas negatif berdasarkan laporan keuangan 2026 Kuartal II| X : Perusahaan Tercatat dicatatkan di Papan Pemantauan Khusus
MREI,"L,Y",2026-09-22,https://www.idx.id/id/perusahaan-tercatat/notasi-khusus/,L : Perusahaan Tercatat terakhir menyampaikan laporan keuangan 2025 Kuartal III| Y : Perusahaan Tercatat yang belum menyelenggarakan Rapat Umum Pemegang Saham Tahunan (RUPST) sampai dengan 6 (enam) bulan setelah tahun buku berakhir
MSKY,M,2026-09-22,https://www.idx.id/id/perusahaan-tercatat/notasi-khusus/,M : Adanya permohonan Penundaan Kewajiban Pembayaran Utang (PKPU)
MTFN,"E,Y,X",2026-09-22,https://www.idx.id/id/perusahaan-tercatat/notasi-khusus/,E : Laporan keuangan terakhir menunjukkan ekuitas negatif berdasarkan laporan keuangan 2026 Kuartal II| Y : Perusahaan Tercatat yang belum menyelenggarakan Rapat Umum Pemegang Saham Tahunan (RUPST) sampai dengan 6 (enam) bulan setelah tahun buku berakhir| X : Perusahaan Tercatat dicatatkan di Papan Pemantauan Khusus
MTPS,"S,X",2026-09-22,https://www.idx.id/id/perusahaan-tercatat/notasi-khusus/,S : Laporan keuangan terakhir menunjukkan tidak ada pendapatan usaha berdasarkan laporan keuangan 2026 Kuartal II| X : Perusahaan Tercatat dicatatkan di Papan Pemantauan Khusus
MTRA,"B,E,D,L,Y,X",2026-09-22,https://www.idx.id/id/perusahaan-tercatat/notasi-khusus/,"B : Adanya permohonan Pernyataan Pailit, permohonan pembatalan perdamaian, atau dalam kondisi pailit| E : Laporan keuangan terakhir menunjukkan ekuitas negatif berdasarkan laporan keuangan 2022 Kuartal III| D : Adanya Opini ""Tidak Menyatakan Pendapat (Disclaimer)"" dari Akuntan Publik| L : Perusahaan Tercatat terakhir menyampaikan laporan keuangan 2022 Kuartal III| Y : Perusahaan Tercatat yang belum menyelenggarakan Rapat Umum Pemegang Saham Tahunan (RUPST) sampai dengan 6 (enam) bulan setelah tahun buku berakhir| X : Perusahaan Tercatat dicatatkan di Papan Pemantauan Khusus"
MTSM,X,2026-09-22,https://www.idx.id/id/perusahaan-tercatat/notasi-khusus/,X : Perusahaan Tercatat dicatatkan di Papan Pemantauan Khusus
MYTX,"E,X",2026-09-22,https://www.idx.id/id/perusahaan-tercatat/notasi-khusus/,E : Laporan keuangan terakhir menunjukkan ekuitas negatif berdasarkan laporan keuangan 2026 Kuartal II| X : Perusahaan Tercatat dicatatkan di Papan Pemantauan Khusus
NASA,X,2026-09-22,https://www.idx.id/id/perusahaan-tercatat/notasi-khusus/,X : Perusahaan Tercatat dicatatkan di Papan Pemantauan Khusus
NUSA,"L,Y,X",2026-09-22,https://www.idx.id/id/perusahaan-tercatat/notasi-khusus/,L : Perusahaan Tercatat terakhir menyampaikan laporan keuangan 2019 Kuartal III| Y : Perusahaan Tercatat yang belum menyelenggarakan Rapat Umum Pemegang Saham Tahunan (RUPST) sampai dengan 6 (enam) bulan setelah tahun buku berakhir| X : Perusahaan Tercatat dicatatkan di Papan Pemantauan Khusus
OCAP,"E,D,S,X",2026-09-22,https://www.idx.id/id/perusahaan-tercatat/notasi-khusus/,"E : Laporan keuangan terakhir menunjukkan ekuitas negatif berdasarkan laporan keuangan 2026 Kuartal II| D : Adanya Opini ""Tidak Menyatakan Pendapat (Disclaimer)"" dari Akuntan Publik| S : Laporan keuangan terakhir menunjukkan tidak ada pendapatan usaha berdasarkan laporan keuangan 2026 Kuartal II| X : Perusahaan Tercatat dicatatkan di Papan Pemantauan Khusus"
PACK,X,2026-09-22,https://www.idx.id/id/perusahaan-tercatat/notasi-khusus/,X : Perusahaan Tercatat dicatatkan di Papan Pemantauan Khusus
PBRX,X,2026-09-22,https://www.idx.id/id/perusahaan-tercatat/notasi-khusus/,X : Perusahaan Tercatat dicatatkan di Papan Pemantauan Khusus
PCAR,X,2026-09-22,https://www.idx.id/id/perusahaan-tercatat/notasi-khusus/,X : Perusahaan Tercatat dicatatkan di Papan Pemantauan Khusus
PGAS,L,2026-09-22,https://www.idx.id/id/perusahaan-tercatat/notasi-khusus/,L : Perusahaan Tercatat terakhir menyampaikan laporan keuangan 2026 Kuartal I
PLAS,"L,Y,X",2026-09-22,https://www.idx.id/id/perusahaan-tercatat/notasi-khusus/,L : Perusahaan Tercatat terakhir menyampaikan laporan keuangan 2020 Kuartal II| Y : Perusahaan Tercatat yang belum menyelenggarakan Rapat Umum Pemegang Saham Tahunan (RUPST) sampai dengan 6 (enam) bulan setelah tahun buku berakhir| X : Perusahaan Tercatat dicatatkan di Papan Pemantauan Khusus
PLIN,X,2026-09-22,https://www.idx.id/id/perusahaan-tercatat/notasi-khusus/,X : Perusahaan Tercatat dicatatkan di Papan Pemantauan Khusus
PMMP,"E,D,L,Y,X",2026-09-22,https://www.idx.id/id/perusahaan-tercatat/notasi-khusus/,"E : Laporan keuangan terakhir menunjukkan ekuitas negatif berdasarkan laporan keuangan 2025 Kuartal III| D : Adanya Opini ""Tidak Menyatakan Pendapat (Disclaimer)"" dari Akuntan Publik| L : Perusahaan Tercatat terakhir menyampaikan laporan keuangan 2025 Kuartal III| Y : Perusahaan Tercatat yang belum menyelenggarakan Rapat Umum Pemegang Saham Tahunan (RUPST) sampai dengan 6 (enam) bulan setelah tahun buku berakhir| X : Perusahaan Tercatat dicatatkan di Papan Pemantauan Khusus"
PNGO,X,2026-09-22,https://www.idx.id/id/perusahaan-tercatat/notasi-khusus/,X : Perusahaan Tercatat dicatatkan di Papan Pemantauan Khusus
POLL,"Y,X",2026-09-22,https://www.idx.id/id/perusahaan-tercatat/notasi-khusus/,Y : Perusahaan Tercatat yang belum menyelenggarakan Rapat Umum Pemegang Saham Tahunan (RUPST) sampai dengan 6 (enam) bulan setelah tahun buku berakhir| X : Perusahaan Tercatat dicatatkan di Papan Pemantauan Khusus
POLY,"M,E,D,X",2026-09-22,https://www.idx.id/id/perusahaan-tercatat/notasi-khusus/,"M : Adanya permohonan Penundaan Kewajiban Pembayaran Utang (PKPU)| E : Laporan keuangan terakhir menunjukkan ekuitas negatif berdasarkan laporan keuangan 2026 Kuartal II| D : Adanya Opini ""Tidak Menyatakan Pendapat (Disclaimer)"" dari Akuntan Publik| X : Perusahaan Tercatat dicatatkan di Papan Pemantauan Khusus"
POOL,"L,Y,X",2026-09-22,https://www.idx.id/id/perusahaan-tercatat/notasi-khusus/,L : Perusahaan Tercatat terakhir menyampaikan laporan keuangan 2022 Kuartal III| Y : Perusahaan Tercatat yang belum menyelenggarakan Rapat Umum Pemegang Saham Tahunan (RUPST) sampai dengan 6 (enam) bulan setelah tahun buku berakhir| X : Perusahaan Tercatat dicatatkan di Papan Pemantauan Khusus
POSA,"E,X",2026-09-22,https://www.idx.id/id/perusahaan-tercatat/notasi-khusus/,E : Laporan keuangan terakhir menunjukkan ekuitas negatif berdasarkan laporan keuangan 2026 Kuartal II| X : Perusahaan Tercatat dicatatkan di Papan Pemantauan Khusus
PPRO,X,2026-09-22,https://www.idx.id/id/perusahaan-tercatat/notasi-khusus/,X : Perusahaan Tercatat dicatatkan di Papan Pemantauan Khusus
PTDU,"M,E,L,Y,X",2026-09-22,https://www.idx.id/id/perusahaan-tercatat/notasi-khusus/,M : Adanya permohonan Penundaan Kewajiban Pembayaran Utang (PKPU)| E : Laporan keuangan terakhir menunjukkan ekuitas negatif berdasarkan laporan keuangan 2025 Kuartal III| L : Perusahaan Tercatat terakhir menyampaikan laporan keuangan 2025 Kuartal III| Y : Perusahaan Tercatat yang belum menyelenggarakan Rapat Umum Pemegang Saham Tahunan (RUPST) sampai dengan 6 (enam) bulan setelah tahun buku berakhir| X : Perusahaan Tercatat dicatatkan di Papan Pemantauan Khusus
PTMR,X,2026-09-22,https://www.idx.id/id/perusahaan-tercatat/notasi-khusus/,X : Perusahaan Tercatat dicatatkan di Papan Pemantauan Khusus
PTPP,M,2026-09-22,https://www.idx.id/id/perusahaan-tercatat/notasi-khusus/,M : Adanya permohonan Penundaan Kewajiban Pembayaran Utang (PKPU)
PURA,X,2026-09-22,https://www.idx.id/id/perusahaan-tercatat/notasi-khusus/,X : Perusahaan Tercatat dicatatkan di Papan Pemantauan Khusus
PURE,"E,A,L,Y,X",2026-09-22,https://www.idx.id/id/perusahaan-tercatat/notasi-khusus/,E : Laporan keuangan terakhir menunjukkan ekuitas negatif berdasarkan laporan keuangan 2024 Kuartal III| A : Adanya Opini Tidak Wajar (Adverse) dari Akuntan Publik berdasarkan laporan keuangan 2024 Kuartal III| L : Perusahaan Tercatat terakhir menyampaikan laporan keuangan 2024 Kuartal III| Y : Perusahaan Tercatat yang belum menyelenggarakan Rapat Umum Pemegang Saham Tahunan (RUPST) sampai dengan 6 (enam) bulan setelah tahun buku berakhir| X : Perusahaan Tercatat dicatatkan di Papan Pemantauan Khusus
RAFI,"L,Y,X",2026-09-22,https://www.idx.id/id/perusahaan-tercatat/notasi-khusus/,L : Perusahaan Tercatat terakhir menyampaikan laporan keuangan 2025 Kuartal III| Y : Perusahaan Tercatat yang belum menyelenggarakan Rapat Umum Pemegang Saham Tahunan (RUPST) sampai dengan 6 (enam) bulan setelah tahun buku berakhir| X : Perusahaan Tercatat dicatatkan di Papan Pemantauan Khusus
RIMO,"L,Y,X",2026-09-22,https://www.idx.id/id/perusahaan-tercatat/notasi-khusus/,L : Perusahaan Tercatat terakhir menyampaikan laporan keuangan 2019 Kuartal III| Y : Perusahaan Tercatat yang belum menyelenggarakan Rapat Umum Pemegang Saham Tahunan (RUPST) sampai dengan 6 (enam) bulan setelah tahun buku berakhir| X : Perusahaan Tercatat dicatatkan di Papan Pemantauan Khusus
SAFE,"C,X",2026-09-22,https://www.idx.id/id/perusahaan-tercatat/notasi-khusus/,"C : Kejadian perkara hukum terhadap Perusahaan Tercatat, Anak Perusahaan Tercatat dan/atau anggota Direksi dan anggota Dewan Komisaris Perusahaan Tercatat yang berdampak Material| X : Perusahaan Tercatat dicatatkan di Papan Pemantauan Khusus"
SAGE,X,2026-09-22,https://www.idx.id/id/perusahaan-tercatat/notasi-khusus/,X : Perusahaan Tercatat dicatatkan di Papan Pemantauan Khusus
SBAT,"B,L,S,Y,X",2026-09-22,https://www.idx.id/id/perusahaan-tercatat/notasi-khusus/,"B : Adanya permohonan Pernyataan Pailit, permohonan pembatalan perdamaian, atau dalam kondisi pailit| L : Perusahaan Tercatat terakhir menyampaikan laporan keuangan 2023 Kuartal III| S : Laporan keuangan terakhir menunjukkan tidak ada pendapatan usaha berdasarkan laporan keuangan 2023 Kuartal III| Y : Perusahaan Tercatat yang belum menyelenggarakan Rapat Umum Pemegang Saham Tahunan (RUPST) sampai dengan 6 (enam) bulan setelah tahun buku berakhir| X : Perusahaan Tercatat dicatatkan di Papan Pemantauan Khusus"
SCPI,X,2026-09-22,https://www.idx.id/id/perusahaan-tercatat/notasi-khusus/,X : Perusahaan Tercatat dicatatkan di Papan Pemantauan Khusus
SGRO,F,2026-09-22,https://www.idx.id/id/perusahaan-tercatat/notasi-khusus/,F : Sanksi Administratif dan/atau Perintah Tertulis dari OJK yang dikenakan terhadap Perusahaan Tercatat karena pelanggaran peraturan di bidang Pasar Modal dengan kategori Pelanggaran Ringan
SHID,M,2026-09-22,https://www.idx.id/id/perusahaan-tercatat/notasi-khusus/,M : Adanya permohonan Penundaan Kewajiban Pembayaran Utang (PKPU)
SIMA,"E,L,Y,X",2026-09-22,https://www.idx.id/id/perusahaan-tercatat/notasi-khusus/,E : Laporan keuangan terakhir menunjukkan ekuitas negatif berdasarkan laporan keuangan 2019 Kuartal III| L : Perusahaan Tercatat terakhir menyampaikan laporan keuangan 2019 Kuartal III| Y : Perusahaan Tercatat yang belum menyelenggarakan Rapat Umum Pemegang Saham Tahunan (RUPST) sampai dengan 6 (enam) bulan setelah tahun buku berakhir| X : Perusahaan Tercatat dicatatkan di Papan Pemantauan Khusus
SKYB,"L,Y,X",2026-09-22,https://www.idx.id/id/perusahaan-tercatat/notasi-khusus/,L : Perusahaan Tercatat terakhir menyampaikan laporan keuangan 2022 Kuartal III| Y : Perusahaan Tercatat yang belum menyelenggarakan Rapat Umum Pemegang Saham Tahunan (RUPST) sampai dengan 6 (enam) bulan setelah tahun buku berakhir| X : Perusahaan Tercatat dicatatkan di Papan Pemantauan Khusus
SMCB,X,2026-09-22,https://www.idx.id/id/perusahaan-tercatat/notasi-khusus/,X : Perusahaan Tercatat dicatatkan di Papan Pemantauan Khusus
SMRU,"E,X",2026-09-22,https://www.idx.id/id/perusahaan-tercatat/notasi-khusus/,E : Laporan keuangan terakhir menunjukkan ekuitas negatif berdasarkan laporan keuangan 2026 Kuartal II| X : Perusahaan Tercatat dicatatkan di Papan Pemantauan Khusus
SONA,X,2026-09-22,https://www.idx.id/id/perusahaan-tercatat/notasi-khusus/,X : Perusahaan Tercatat dicatatkan di Papan Pemantauan Khusus
SOSS,X,2026-09-22,https://www.idx.id/id/perusahaan-tercatat/notasi-khusus/,X : Perusahaan Tercatat dicatatkan di Papan Pemantauan Khusus
SOUL,"L,Y",2026-09-22,https://www.idx.id/id/perusahaan-tercatat/notasi-khusus/,L : Perusahaan Tercatat terakhir menyampaikan laporan keuangan 2025 Kuartal II| Y : Perusahaan Tercatat yang belum menyelenggarakan Rapat Umum Pemegang Saham Tahunan (RUPST) sampai dengan 6 (enam) bulan setelah tahun buku berakhir
SRIL,"B,E,L,Y,X",2026-09-22,https://www.idx.id/id/perusahaan-tercatat/notasi-khusus/,"B : Adanya permohonan Pernyataan Pailit, permohonan pembatalan perdamaian, atau dalam kondisi pailit| E : Laporan keuangan terakhir menunjukkan ekuitas negatif berdasarkan laporan keuangan 2024 Kuartal III| L : Perusahaan Tercatat terakhir menyampaikan laporan keuangan 2024 Kuartal III| Y : Perusahaan Tercatat yang belum menyelenggarakan Rapat Umum Pemegang Saham Tahunan (RUPST) sampai dengan 6 (enam) bulan setelah tahun buku berakhir| X : Perusahaan Tercatat dicatatkan di Papan Pemantauan Khusus"
SUGI,"L,Y,X",2026-09-22,https://www.idx.id/id/perusahaan-tercatat/notasi-khusus/,L : Perusahaan Tercatat terakhir menyampaikan laporan keuangan 2018 Tahunan| Y : Perusahaan Tercatat yang belum menyelenggarakan Rapat Umum Pemegang Saham Tahunan (RUPST) sampai dengan 6 (enam) bulan setelah tahun buku berakhir| X : Perusahaan Tercatat dicatatkan di Papan Pemantauan Khusus
SUPR,X,2026-09-22,https://www.idx.id/id/perusahaan-tercatat/notasi-khusus/,X : Perusahaan Tercatat dicatatkan di Papan Pemantauan Khusus
SWAT,"L,X",2026-09-22,https://www.idx.id/id/perusahaan-tercatat/notasi-khusus/,L : Perusahaan Tercatat terakhir menyampaikan laporan keuangan 2025 Kuartal III| X : Perusahaan Tercatat dicatatkan di Papan Pemantauan Khusus
TAMA,"E,X",2026-09-22,https://www.idx.id/id/perusahaan-tercatat/notasi-khusus/,E : Laporan keuangan terakhir menunjukkan ekuitas negatif berdasarkan laporan keuangan 2026 Kuartal II| X : Perusahaan Tercatat dicatatkan di Papan Pemantauan Khusus
TAMU,X,2026-09-22,https://www.idx.id/id/perusahaan-tercatat/notasi-khusus/,X : Perusahaan Tercatat dicatatkan di Papan Pemantauan Khusus
TARA,X,2026-09-22,https://www.idx.id/id/perusahaan-tercatat/notasi-khusus/,X : Perusahaan Tercatat dicatatkan di Papan Pemantauan Khusus
TAXI,X,2026-09-22,https://www.idx.id/id/perusahaan-tercatat/notasi-khusus/,X : Perusahaan Tercatat dicatatkan di Papan Pemantauan Khusus
TAYS,"L,Y",2026-09-22,https://www.idx.id/id/perusahaan-tercatat/notasi-khusus/,L : Perusahaan Tercatat terakhir menyampaikan laporan keuangan 2025 Kuartal III| Y : Perusahaan Tercatat yang belum menyelenggarakan Rapat Umum Pemegang Saham Tahunan (RUPST) sampai dengan 6 (enam) bulan setelah tahun buku berakhir
TDPM,"B,L,Y,X",2026-09-22,https://www.idx.id/id/perusahaan-tercatat/notasi-khusus/,"B : Adanya permohonan Pernyataan Pailit, permohonan pembatalan perdamaian, atau dalam kondisi pailit| L : Perusahaan Tercatat terakhir menyampaikan laporan keuangan 2023 Kuartal III| Y : Perusahaan Tercatat yang belum menyelenggarakan Rapat Umum Pemegang Saham Tahunan (RUPST) sampai dengan 6 (enam) bulan setelah tahun buku berakhir| X : Perusahaan Tercatat dicatatkan di Papan Pemantauan Khusus"
TECH,"L,Y,X",2026-09-22,https://www.idx.id/id/perusahaan-tercatat/notasi-khusus/,L : Perusahaan Tercatat terakhir menyampaikan laporan keuangan 2023 Kuartal I| Y : Perusahaan Tercatat yang belum menyelenggarakan Rapat Umum Pemegang Saham Tahunan (RUPST) sampai dengan 6 (enam) bulan setelah tahun buku berakhir| X : Perusahaan Tercatat dicatatkan di Papan Pemantauan Khusus
TELE,"B,E,D,L,Y,X",2026-09-22,https://www.idx.id/id/perusahaan-tercatat/notasi-khusus/,"B : Adanya permohonan Pernyataan Pailit, permohonan pembatalan perdamaian, atau dalam kondisi pailit| E : Laporan keuangan terakhir menunjukkan ekuitas negatif berdasarkan laporan keuangan 2025 Kuartal II| D : Adanya Opini ""Tidak Menyatakan Pendapat (Disclaimer)"" dari Akuntan Publik| L : Perusahaan Tercatat terakhir menyampaikan laporan keuangan 2025 Kuartal II| Y : Perusahaan Tercatat yang belum menyelenggarakan Rapat Umum Pemegang Saham Tahunan (RUPST) sampai dengan 6 (enam) bulan setelah tahun buku berakhir| X : Perusahaan Tercatat dicatatkan di Papan Pemantauan Khusus"
TFCO,X,2026-09-22,https://www.idx.id/id/perusahaan-tercatat/notasi-khusus/,X : Perusahaan Tercatat dicatatkan di Papan Pemantauan Khusus
TGRA,"L,S,X",2026-09-22,https://www.idx.id/id/perusahaan-tercatat/notasi-khusus/,L : Perusahaan Tercatat terakhir menyampaikan laporan keuangan 2025 Tahunan| S : Laporan keuangan terakhir menunjukkan tidak ada pendapatan usaha berdasarkan laporan keuangan 2025 Tahunan| X : Perusahaan Tercatat dicatatkan di Papan Pemantauan Khusus
TGUK,X,2026-09-22,https://www.idx.id/id/perusahaan-tercatat/notasi-khusus/,X : Perusahaan Tercatat dicatatkan di Papan Pemantauan Khusus
TIRT,"E,X",2026-09-22,https://www.idx.id/id/perusahaan-tercatat/notasi-khusus/,E : Laporan keuangan terakhir menunjukkan ekuitas negatif berdasarkan laporan keuangan 2026 Kuartal II| X : Perusahaan Tercatat dicatatkan di Papan Pemantauan Khusus
TOPS,"L,S,Y,X",2026-09-22,https://www.idx.id/id/perusahaan-tercatat/notasi-khusus/,L : Perusahaan Tercatat terakhir menyampaikan laporan keuangan 2024 Kuartal III| S : Laporan keuangan terakhir menunjukkan tidak ada pendapatan usaha berdasarkan laporan keuangan 2024 Kuartal III| Y : Perusahaan Tercatat yang belum menyelenggarakan Rapat Umum Pemegang Saham Tahunan (RUPST) sampai dengan 6 (enam) bulan setelah tahun buku berakhir| X : Perusahaan Tercatat dicatatkan di Papan Pemantauan Khusus
TOYS,"B,L,Y,X",2026-09-22,https://www.idx.id/id/perusahaan-tercatat/notasi-khusus/,"B : Adanya permohonan Pernyataan Pailit, permohonan pembatalan perdamaian, atau dalam kondisi pailit| L : Perusahaan Tercatat terakhir menyampaikan laporan keuangan 2023 Tahunan| Y : Perusahaan Tercatat yang belum menyelenggarakan Rapat Umum Pemegang Saham Tahunan (RUPST) sampai dengan 6 (enam) bulan setelah tahun buku berakhir| X : Perusahaan Tercatat dicatatkan di Papan Pemantauan Khusus"
TRAM,"L,Y,F,X",2026-09-22,https://www.idx.id/id/perusahaan-tercatat/notasi-khusus/,L : Perusahaan Tercatat terakhir menyampaikan laporan keuangan 2020 Tahunan| Y : Perusahaan Tercatat yang belum menyelenggarakan Rapat Umum Pemegang Saham Tahunan (RUPST) sampai dengan 6 (enam) bulan setelah tahun buku berakhir| F : Sanksi Administratif dan/atau Perintah Tertulis dari OJK yang dikenakan terhadap Perusahaan Tercatat karena pelanggaran peraturan di bidang Pasar Modal dengan kategori Pelanggaran Ringan| X : Perusahaan Tercatat dicatatkan di Papan Pemantauan Khusus
TRIL,"L,Y,X",2026-09-22,https://www.idx.id/id/perusahaan-tercatat/notasi-khusus/,L : Perusahaan Tercatat terakhir menyampaikan laporan keuangan 2021 Kuartal III| Y : Perusahaan Tercatat yang belum menyelenggarakan Rapat Umum Pemegang Saham Tahunan (RUPST) sampai dengan 6 (enam) bulan setelah tahun buku berakhir| X : Perusahaan Tercatat dicatatkan di Papan Pemantauan Khusus
TRIO,"E,X",2026-09-22,https://www.idx.id/id/perusahaan-tercatat/notasi-khusus/,E : Laporan keuangan terakhir menunjukkan ekuitas negatif berdasarkan laporan keuangan 2026 Kuartal II| X : Perusahaan Tercatat dicatatkan di Papan Pemantauan Khusus
TRUE,Y,2026-09-22,https://www.idx.id/id/perusahaan-tercatat/notasi-khusus/,Y : Perusahaan Tercatat yang belum menyelenggarakan Rapat Umum Pemegang Saham Tahunan (RUPST) sampai dengan 6 (enam) bulan setelah tahun buku berakhir
TRUK,X,2026-09-22,https://www.idx.id/id/perusahaan-tercatat/notasi-khusus/,X : Perusahaan Tercatat dicatatkan di Papan Pemantauan Khusus
UNIT,"L,Y,X",2026-09-22,https://www.idx.id/id/perusahaan-tercatat/notasi-khusus/,L : Perusahaan Tercatat terakhir menyampaikan laporan keuangan 2020 Kuartal II| Y : Perusahaan Tercatat yang belum menyelenggarakan Rapat Umum Pemegang Saham Tahunan (RUPST) sampai dengan 6 (enam) bulan setelah tahun buku berakhir| X : Perusahaan Tercatat dicatatkan di Papan Pemantauan Khusus
URBN,X,2026-09-22,https://www.idx.id/id/perusahaan-tercatat/notasi-khusus/,X : Perusahaan Tercatat dicatatkan di Papan Pemantauan Khusus
VIVA,"L,Y,X",2026-09-22,https://www.idx.id/id/perusahaan-tercatat/notasi-khusus/,L : Perusahaan Tercatat terakhir menyampaikan laporan keuangan 2026 Kuartal I| Y : Perusahaan Tercatat yang belum menyelenggarakan Rapat Umum Pemegang Saham Tahunan (RUPST) sampai dengan 6 (enam) bulan setelah tahun buku berakhir| X : Perusahaan Tercatat dicatatkan di Papan Pemantauan Khusus
WEGE,M,2026-09-22,https://www.idx.id/id/perusahaan-tercatat/notasi-khusus/,M : Adanya permohonan Penundaan Kewajiban Pembayaran Utang (PKPU)
WICO,"E,X",2026-09-22,https://www.idx.id/id/perusahaan-tercatat/notasi-khusus/,E : Laporan keuangan terakhir menunjukkan ekuitas negatif berdasarkan laporan keuangan 2026 Kuartal II| X : Perusahaan Tercatat dicatatkan di Papan Pemantauan Khusus
WIKA,X,2026-09-22,https://www.idx.id/id/perusahaan-tercatat/notasi-khusus/,X : Perusahaan Tercatat dicatatkan di Papan Pemantauan Khusus
WINR,X,2026-09-22,https://www.idx.id/id/perusahaan-tercatat/notasi-khusus/,X : Perusahaan Tercatat dicatatkan di Papan Pemantauan Khusus
WMPP,X,2026-09-22,https://www.idx.id/id/perusahaan-tercatat/notasi-khusus/,X : Perusahaan Tercatat dicatatkan di Papan Pemantauan Khusus
WSBP,"E,X",2026-09-22,https://www.idx.id/id/perusahaan-tercatat/notasi-khusus/,E : Laporan keuangan terakhir menunjukkan ekuitas negatif berdasarkan laporan keuangan 2026 Kuartal II| X : Perusahaan Tercatat dicatatkan di Papan Pemantauan Khusus
WSKT,X,2026-09-22,https://www.idx.id/id/perusahaan-tercatat/notasi-khusus/,X : Perusahaan Tercatat dicatatkan di Papan Pemantauan Khusus
ZBRA,"B,L,Y,X",2026-09-22,https://www.idx.id/id/perusahaan-tercatat/notasi-khusus/,"B : Adanya permohonan Pernyataan Pailit, permohonan pembatalan perdamaian, atau dalam kondisi pailit| L : Perusahaan Tercatat terakhir menyampaikan laporan keuangan 2024 Kuartal III| Y : Perusahaan Tercatat yang belum menyelenggarakan Rapat Umum Pemegang Saham Tahunan (RUPST) sampai dengan 6 (enam) bulan setelah tahun buku berakhir| X : Perusahaan Tercatat dicatatkan di Papan Pemantauan Khusus"
ZINC,"D,X",2026-09-22,https://www.idx.id/id/perusahaan-tercatat/notasi-khusus/,"D : Adanya Opini ""Tidak Menyatakan Pendapat (Disclaimer)"" dari Akuntan Publik| X : Perusahaan Tercatat dicatatkan di Papan Pemantauan Khusus"
